Workbook

Sheet PRODUCTOS
A1: Código | B1: Producto | C1: Categoría | D1: Stock inicial | E1: Precio de compra | F1: Precio de venta | G1: Stock mínimo | H1: Valor inventario | I1: Estado | J1: Stock actual
A2: P001 | B2: Camiseta | C2: Ropa | D2: 15 | E2: 20000 | F2: 35000 | G2: 5 | H2: =D2*E2 -> 300000 | I2: =IF(J2<=G2,"COMPRAR","DISPONIBLE") -> DISPONIBLE | J2: =D2-SUMIF(VENTAS!B:B,A2,VENTAS!D:D) -> 9
A3: P002 | B3: Pantalón | C3: Ropa | D3: 8 | E3: 40000 | F3: 70000 | G3: 3 | H3: =D3*E3 -> 320000 | I3: =IF(J3<=G3,"COMPRAR","DISPONIBLE") -> DISPONIBLE | J3: =D3-SUMIF(VENTAS!B:B,A3,VENTAS!D:D) -> 7
A4: P003 | B4: Gorra | C4: Accesorios | D4: 20 | E4: 12000 | F4: 25000 | G4: 5 | H4: =D4*E4 -> 240000 | I4: =IF(J4<=G4,"COMPRAR","DISPONIBLE") -> DISPONIBLE | J4: =D4-SUMIF(VENTAS!B:B,A4,VENTAS!D:D) -> 17
A5: P004 | B5: Zapatos | C5: Calzado | D5: 4 | E5: 80000 | F5: 120000 | G5: 5 | H5: =D5*E5 -> 320000 | I5: =IF(J5<=G5,"COMPRAR","DISPONIBLE") -> COMPRAR | J5: =D5-SUMIF(VENTAS!B:B,A5,VENTAS!D:D) -> 3
A6: P005 | B6: Chaqueta | C6: Ropa | D6: 10 | E6: 60000 | F6: 95000 | G6: 3 | H6: =D6*E6 -> 600000 | I6: =IF(J6<=G6,"COMPRAR","DISPONIBLE") -> DISPONIBLE | J6: =D6-SUMIF(VENTAS!B:B,A6,VENTAS!D:D) -> 10

Sheet VENTAS
A1: Fecha | B1: Código | C1: Producto | D1: Cantidad | E1: Precio venta | F1: Total venta
A2: 46249 | B2: P001 | C2: Camiseta | D2: 2 | E2: =_xlfn.XLOOKUP(B2,PRODUCTOS!A:A,PRODUCTOS!F:F,"No encontrado") -> 35000 | F2: =D2*E2 -> 70000
A3: 46249 | B3: P003 | C3: Gorra | D3: 3 | E3: =_xlfn.XLOOKUP(B3,PRODUCTOS!A:A,PRODUCTOS!F:F,"No encontrado") -> 25000 | F3: =D3*E3 -> 75000
A4: 46250 | B4: P002 | C4: Pantalón | D4: 1 | E4: =_xlfn.XLOOKUP(B4,PRODUCTOS!A:A,PRODUCTOS!F:F,"No encontrado") -> 70000 | F4: =D4*E4 -> 70000
A5: 46250 | B5: P004 | C5: Zapatos | D5: 1 | E5: =_xlfn.XLOOKUP(B5,PRODUCTOS!A:A,PRODUCTOS!F:F,"No encontrado") -> 120000 | F5: =D5*E5 -> 120000
A6: 46251 | B6: P001 | C6: Camiseta | D6: 1 | E6: =_xlfn.XLOOKUP(B6,PRODUCTOS!A:A,PRODUCTOS!F:F,"No encontrado") -> 35000 | F6: =D6*E6 -> 35000
A7: 46251 | B7: P001 | C7: Camiseta | D7: 3 | E7: =_xlfn.XLOOKUP(B7,PRODUCTOS!A:A,PRODUCTOS!F:F,"No encontrado") -> 35000 | F7: =D7*E7 -> 105000

Sheet RESUMEN
A1: RESUMEN DEL NEGOCIO
A3: Productos registrados | B3: =COUNTA(PRODUCTOS!A2:A1000) -> 5
A4: Unidades en inventario | B4: =SUM(PRODUCTOS!J2:J1000) -> 46
A5: Valor del inventario | B5: =SUMPRODUCT(PRODUCTOS!J2:J1000,PRODUCTOS!E2:E1000) -> 1504000
A6: Ventas realizadas | B6: =COUNTA(VENTAS!B2:B1000) -> 6
A7: Dinero vendido | B7: =SUM(VENTAS!F2:F1000) -> 475000
